ts_utc,site,http_code,time_starttransfer,time_total,size_download,exit_code
2026-05-27T22:20:54+00:00,https://www.google.com/,200,0.157457,0.225666,80638,0
2026-05-27T22:20:56+00:00,https://www.cloudflare.com/,200,0.332557,0.473786,1376848,0
2026-05-27T22:20:58+00:00,https://github.com/,200,0.131633,0.326792,570711,0
2026-05-27T22:21:01+00:00,https://www.wikipedia.org/,301,0.083508,0.083634,274,0
2026-05-27T22:21:03+00:00,https://news.ycombinator.com/,200,0.237937,0.308841,34738,0
2026-05-27T22:21:05+00:00,https://www.bbc.com/news,200,0.083778,0.150117,321561,0
2026-05-27T22:21:07+00:00,https://i.imgur.com/aB6Z9zN.jpg,302,0.110326,0.110374,0,0
2026-05-27T22:21:09+00:00,https://www.google.com/,200,0.158203,0.226204,80767,0
2026-05-27T22:21:12+00:00,https://www.cloudflare.com/,200,0.269423,0.378820,1376848,0
2026-05-27T22:21:14+00:00,https://github.com/,200,0.131145,0.577895,570702,0
2026-05-27T22:21:17+00:00,https://www.wikipedia.org/,301,0.086310,0.086378,274,0
2026-05-27T22:21:19+00:00,https://news.ycombinator.com/,200,0.218969,0.273474,34738,0
2026-05-27T22:21:21+00:00,https://www.bbc.com/news,200,0.086975,0.142077,321561,0
2026-05-27T22:21:23+00:00,https://i.imgur.com/aB6Z9zN.jpg,302,0.105350,0.105388,0,0
2026-05-27T22:21:25+00:00,https://www.google.com/,200,0.164778,0.241877,80719,0
2026-05-27T22:21:27+00:00,https://www.cloudflare.com/,200,0.261793,0.334290,1376848,0
2026-05-27T22:21:30+00:00,https://github.com/,200,0.137426,0.584928,570711,0
2026-05-27T22:21:32+00:00,https://www.wikipedia.org/,301,0.113291,0.113367,274,0
2026-05-27T22:21:35+00:00,https://news.ycombinator.com/,200,0.241971,0.298739,34738,0
2026-05-27T22:21:37+00:00,https://www.bbc.com/news,200,0.077427,0.159998,321561,0
2026-05-27T22:21:39+00:00,https://i.imgur.com/aB6Z9zN.jpg,302,0.103774,0.103817,0,0
2026-05-27T22:21:41+00:00,https://www.google.com/,200,0.140924,0.191673,80796,0
2026-05-27T22:21:43+00:00,https://www.cloudflare.com/,200,0.291029,0.404907,1376848,0
2026-05-27T22:21:46+00:00,https://github.com/,200,0.164775,0.582820,570707,0
2026-05-27T22:21:48+00:00,https://www.wikipedia.org/,301,0.085311,0.085390,274,0
2026-05-27T22:21:50+00:00,https://news.ycombinator.com/,200,0.217865,0.263175,34738,0
